customer_id,namee,email,signup_date,location
1,"Barbabas Sisland",bsisland0@google.co.jp,2025-01-07,356403
2,"Philly Penke",ppenke1@hp.com,2024-06-13,2765-133
3,"Sax Wickens",swickens2@yale.edu,2025-01-13,NULL
4,"Ebenezer Shrubshall",eshrubshall3@ibm.com,2025-05-07,2913
5,"Sawyer Wymer",swymer4@cpanel.net,2024-11-25,NULL
6,"Bran Stubley",bstubley5@sitemeter.com,2024-07-18,"77427 CEDEX 2"
7,"Alister Bullon",abullon6@eventbrite.com,2024-07-28,NULL
8,"Jorge MacRedmond",jmacredmond7@exblog.jp,2024-06-20,72011
9,"Herve Shinefield",hshinefield8@upenn.edu,2025-02-18,367-0251
10,"Joby Inkle",jinkle9@omniture.com,2025-04-01,NULL
11,"Jaquelyn Dagleas",jdagleasa@quantcast.com,2024-09-01,5048
12,"Melodee Cheson",mchesonb@census.gov,2024-06-21,NULL
13,"Cristi Varnam",cvarnamc@com.com,2024-12-23,"94685 CEDEX"
14,"Nicko Boraston",nborastond@vinaora.com,2024-11-22,5103
15,"Skye Mynott",smynotte@patch.com,2024-07-12,"30112 CEDEX"
16,"Bink Vant",bvantf@jalbum.net,2025-04-28,NULL
17,"Sonni Heakey",sheakeyg@nbcnews.com,2024-11-21,NULL
18,"Adorne Turbard",aturbardh@theglobeandmail.com,2024-07-27,NULL
19,"Damara Olphert",dolpherti@hexun.com,2024-07-03,13670-000
20,"Osbourne Ellingsworth",oellingsworthj@infoseek.co.jp,2025-03-09,950-3341
21,"Griffin MacAughtrie",gmacaughtriek@google.ru,2024-08-26,77-230
22,"Sawyer Grason",sgrasonl@sun.com,2024-12-25,43-378
23,"Lawry Shorbrook",lshorbrookm@barnesandnoble.com,2025-03-24,90000
24,"Elihu Fanti",efantin@microsoft.com,2024-10-09,NULL
25,"Lenee Stonhard",lstonhardo@about.me,2024-09-06,NULL
26,"Charlene Sotham",csothamp@businessinsider.com,2024-09-19,92825
27,"Christy Illyes",cillyesq@cnn.com,2025-02-17,NULL
28,"Skylar Rama",sramar@nbcnews.com,2024-06-02,64222-000
29,"Alonzo Digby",adigbys@epa.gov,2024-11-25,NULL
30,"Lian Redhead",lredheadt@utexas.edu,2024-10-25,NULL
31,"Joline McCurdy",jmccurdyu@about.me,2024-10-20,NULL
32,"Royal Jowitt",rjowittv@hibu.com,2025-03-12,404609
33,"Daphna Brisley",dbrisleyw@ehow.com,2024-11-01,NULL
34,"Cordy Manville",cmanvillex@tamu.edu,2024-07-11,1053
35,"Onofredo Millson",omillsony@wisc.edu,2024-06-09,NULL
36,"Jerrie Quiddihy",jquiddihyz@123-reg.co.uk,2024-11-02,NULL
37,"Beatrice Ebourne",bebourne10@pagesperso-orange.fr,2024-11-22,NULL
38,"Augy Mingo",amingo11@usgs.gov,2024-10-07,57000-000
39,"Josh Blade",jblade12@unblog.fr,2025-04-16,379-2166
40,"Cristabel Gellibrand",cgellibrand13@macromedia.com,2024-11-27,319-1304
41,"Gordie Piesold",gpiesold14@patch.com,2025-03-30,CH48
42,"Kimmy Tarbin",ktarbin15@weebly.com,2024-11-18,1112
43,"Valeria Titt",vtitt16@engadget.com,2024-10-22,NULL
44,"Jemimah Sivorn",jsivorn17@cargocollective.com,2025-03-28,4950-332
45,"Lazare Sibbe",lsibbe18@msn.com,2024-06-12,NULL
46,"Dorothea Dunstone",ddunstone19@wordpress.com,2025-01-27,8505
47,"Obie Moth",omoth1a@fc2.com,2024-06-30,ZTN
48,"Stephenie Corbin",scorbin1b@behance.net,2024-09-21,NULL
49,"Andreas Mannooch",amannooch1c@sciencedirect.com,2024-05-23,NULL
50,"Tynan Dupree",tdupree1d@hostgator.com,2024-12-28,NULL
51,"Alonso Boylan",aboylan1e@liveinternet.ru,2024-09-19,2635-466
52,"Yolane Amott",yamott1f@cdbaby.com,2025-01-01,NULL
53,"Linc Shillan",lshillan1g@msu.edu,2024-08-01,3450
54,"Costa Lown",clown1h@sakura.ne.jp,2024-10-20,96799
55,"Sibeal Hyams",shyams1i@godaddy.com,2024-10-01,456843
56,"Cordie Mendez",cmendez1j@t.co,2025-02-21,NULL
57,"Ruth Tupie",rtupie1k@rambler.ru,2025-05-16,NULL
58,"Thorny Quilty",tquilty1l@abc.net.au,2024-07-18,NULL
59,"Kalle Brigstock",kbrigstock1m@people.com.cn,2024-12-17,NULL
60,"Pandora Benford",pbenford1n@pinterest.com,2025-01-16,658670
61,"Johnny Steade",jsteade1o@ask.com,2024-09-12,NULL
62,"Brantley Bunford",bbunford1p@state.gov,2024-09-23,55125-000
63,"Addi Jekyll",ajekyll1q@example.com,2024-07-30,NULL
64,"Lu Eadmeads",leadmeads1r@webnode.com,2025-03-14,27455
65,"Randie Chattell",rchattell1s@360.cn,2024-11-17,"75902 CEDEX 15"
66,"Webster Pilch",wpilch1t@addtoany.com,2025-02-18,656-2225
67,"Dorie Hubball",dhubball1u@myspace.com,2024-07-09,NULL
68,"Elmo Trim",etrim1v@friendfeed.com,2024-11-13,80204
69,"Agna Gavriel",agavriel1w@mysql.com,2025-04-04,650904
70,"Hayes Bestman",hbestman1x@dagondesign.com,2024-07-02,961-0406
71,"Dona Pawel",dpawel1y@un.org,2025-02-22,NULL
72,"Lily Pontain",lpontain1z@geocities.com,2025-01-24,5881
73,"Bourke Ainsby",bainsby20@altervista.org,2025-01-06,NULL
74,"Sada Siderfin",ssiderfin21@lulu.com,2024-06-06,2665-105
75,"Stuart Dupey",sdupey22@4shared.com,2024-08-29,"95479 CEDEX"
76,"Maribel Duddle",mduddle23@1und1.de,2025-05-09,NULL
77,"Dalia Dowyer",ddowyer24@wikia.com,2025-04-21,22309
78,"Michel Brewse",mbrewse25@hhs.gov,2024-05-31,NULL
79,"Bianca Itzakson",bitzakson26@comsenz.com,2025-03-11,NULL
80,"Valenka Antal",vantal27@liveinternet.ru,2025-03-22,NULL
81,"Bel Alman",balman28@cisco.com,2024-06-09,NULL
82,"Ethelda Manville",emanville29@hubpages.com,2024-08-06,6539
83,"Harp Petri",hpetri2a@chicagotribune.com,2025-04-19,NULL
84,"Gino Hurrion",ghurrion2b@people.com.cn,2024-10-06,NULL
85,"Lindon Farren",lfarren2c@phpbb.com,2024-11-12,NULL
86,"Aguistin Heilds",aheilds2d@google.com,2025-03-14,NULL
87,"Adams Hellicar",ahellicar2e@apache.org,2024-06-08,630511
88,"Marget Yuryaev",myuryaev2f@java.com,2025-05-01,NULL
89,"Garland Rumke",grumke2g@amazon.co.uk,2024-12-04,76150
90,"Jecho Haddington",jhaddington2h@blogger.com,2025-02-28,623109
91,"Dougy Pinnere",dpinnere2i@miibeian.gov.cn,2024-12-22,"126 12"
92,"Jacenta Bassano",jbassano2j@shop-pro.jp,2024-12-15,NULL
93,"Tuesday Masse",tmasse2k@reference.com,2025-01-24,NULL
94,"Abdel Amphlett",aamphlett2l@yahoo.co.jp,2025-02-19,NULL
95,"Kyle Barby",kbarby2m@nsw.gov.au,2024-08-10,NULL
96,"Daisy Haseley",dhaseley2n@loc.gov,2025-01-27,NULL
97,"Bealle Gilfoy",bgilfoy2o@mapquest.com,2024-07-19,"92684 CEDEX"
98,"Arlana Fattore",afattore2p@webeden.co.uk,2024-12-07,99-210
99,"Mattie Pierson",mpierson2q@webnode.com,2024-07-20,646575
100,"Brigitta Greve",bgreve2r@wisc.edu,2025-02-17,NULL
101,"Adelaida Krook",akrook2s@dell.com,2024-06-02,NULL
102,"Meyer Clayton",mclayton2t@tuttocitta.it,2024-10-01,NULL
103,"Delinda Pauleau",dpauleau2u@sourceforge.net,2025-03-27,NULL
104,"Creighton Mottram",cmottram2v@4shared.com,2025-02-17,3244
105,"Lauree O'Lyhane",lolyhane2w@cpanel.net,2024-06-18,6309
106,"Dalenna Starling",dstarling2x@zimbio.com,2025-02-10,NULL
107,"Weylin Corstan",wcorstan2y@digg.com,2024-09-08,2568
108,"Emogene Pestridge",epestridge2z@mail.ru,2025-01-16,3240
109,"Correna Trevena",ctrevena30@icq.com,2025-02-04,NR34
110,"Hilde Fust",hfust31@deviantart.com,2025-03-03,"88804 CEDEX"
111,"Siegfried Danford",sdanford32@yandex.ru,2024-08-29,NULL
112,"Charlie Caton",ccaton33@istockphoto.com,2025-04-16,NULL
113,"Mame Dumphrey",mdumphrey34@dedecms.com,2024-05-24,NULL
114,"Tedmund Pennycord",tpennycord35@tinypic.com,2025-02-10,4307
115,"Algernon McGilroy",amcgilroy36@bizjournals.com,2025-02-09,NULL
116,"Johny Steven",jsteven37@goodreads.com,2024-06-29,742-0021
117,"Millisent Kenset",mkenset38@marketwatch.com,2024-12-22,71260
118,"Rutledge Domanski",rdomanski39@about.me,2024-08-01,33129
119,"Felicle Dufoure",fdufoure3a@seattletimes.com,2024-08-28,34-432
120,"Roger Thome",rthome3b@google.nl,2025-05-10,NULL
121,"Xymenes Aronov",xaronov3c@cisco.com,2024-11-17,NULL
122,"Lindy Kelwick",lkelwick3d@answers.com,2025-01-19,NULL
123,"Ambrosius Tomaello",atomaello3e@dot.gov,2024-12-22,NULL
124,"Dominik Tortoise",dtortoise3f@timesonline.co.uk,2025-03-31,NULL
125,"Bendite Joddens",bjoddens3g@networkadvertising.org,2025-02-13,"788 20"
126,"Elsy Giacaponi",egiacaponi3h@merriam-webster.com,2025-02-21,NULL
127,"Lindsay Elflain",lelflain3i@technorati.com,2024-11-27,152130
128,"Gabie Johanning",gjohanning3j@fda.gov,2024-09-08,46100-000
129,"Alister Elsom",aelsom3k@si.edu,2024-11-15,NULL
130,"Raynard Fairhall",rfairhall3l@mozilla.com,2025-05-02,NULL
131,"Wyatt Leinthall",wleinthall3m@mapquest.com,2024-08-06,NULL
132,"Vachel Kwietak",vkwietak3n@ucla.edu,2024-11-27,NULL
133,"Aldis Hargate",ahargate3o@nydailynews.com,2024-06-20,NULL
134,"Bobbie Lenard",blenard3p@cafepress.com,2024-09-28,39266
135,"Edwin Delacourt",edelacourt3q@ucoz.ru,2025-05-12,G0E
136,"Dollie Gimson",dgimson3r@hud.gov,2025-01-25,NULL
137,"Thomasa Ricciardello",tricciardello3s@indiatimes.com,2024-07-07,36-071
138,"Sutherland Leghorn",sleghorn3t@webnode.com,2025-03-18,"453 35"
139,"Gretta Gogan",ggogan3u@t.co,2024-12-02,3060-445
140,"Gabriel Bilbie",gbilbie3v@marketwatch.com,2025-04-22,647341
141,"Selestina Mullinger",smullinger3w@google.de,2024-06-26,NULL
142,"Courtnay McFeate",cmcfeate3x@oaic.gov.au,2025-02-04,055018
143,"Janeva Ballay",jballay3y@patch.com,2025-01-15,NULL
144,"Percy Sorbie",psorbie3z@google.nl,2024-05-26,68675-000
145,"Clementia Sporle",csporle40@bravesites.com,2024-08-22,NULL
146,"Codi Rouse",crouse41@biglobe.ne.jp,2024-08-09,NULL
147,"Zacharia Deavin",zdeavin42@people.com.cn,2025-04-28,92148
148,"Kandy Kyllford",kkyllford43@hexun.com,2025-02-18,62601
149,"Nico Goodhand",ngoodhand44@shareasale.com,2024-05-26,NULL
150,"Raimund Vynall",rvynall45@upenn.edu,2025-02-07,NULL
151,"Koralle Harring",kharring46@macromedia.com,2024-09-23,NULL
152,"Eve Eisenberg",eeisenberg47@shutterfly.com,2025-04-28,10009
153,"Kathryn Michael",kmichael48@ucsd.edu,2024-10-29,NULL
154,"Jimmy Fosten",jfosten49@census.gov,2025-04-05,"462 22"
155,"Toddie Mullenger",tmullenger4a@sogou.com,2024-11-06,NULL
156,"Beth Handling",bhandling4b@is.gd,2024-10-14,882-1622
157,"Mikael Balsdon",mbalsdon4c@bloglines.com,2025-03-05,NULL
158,"Ninette Pawlik",npawlik4d@liveinternet.ru,2024-12-08,6346
159,"Leora Marcos",lmarcos4e@yellowpages.com,2024-10-03,41230
160,"Bartolomeo Docksey",bdocksey4f@sfgate.com,2025-04-16,43261
161,"Dunn Sposito",dsposito4g@woothemes.com,2024-10-28,95128
162,"Sunshine Gregh",sgregh4h@instagram.com,2024-07-12,55120
163,"Conney Dobbson",cdobbson4i@wufoo.com,2024-11-26,2965-207
164,"Ferdinand Stanborough",fstanborough4j@opensource.org,2025-02-07,NULL
165,"Hewitt Sommerly",hsommerly4k@digg.com,2025-03-28,NULL
166,"Anica Duly",aduly4l@desdev.cn,2025-02-28,NULL
167,"Jamey Carnew",jcarnew4m@hao123.com,2024-08-27,"671 38"
168,"Dud Pocke",dpocke4n@eepurl.com,2024-07-19,NULL
169,"August Shemming",ashemming4o@mayoclinic.com,2025-01-19,14840-000
170,"Trudey Greswell",tgreswell4p@zimbio.com,2024-12-26,NULL
171,"Lucie Buddock",lbuddock4q@gmpg.org,2024-11-23,J0A
172,"Nilson Fulkes",nfulkes4r@phpbb.com,2024-09-27,NULL
173,"Baxy D'Alessandro",bdalessandro4s@ucsd.edu,2024-12-06,NULL
174,"Genevra Merman",gmerman4t@seattletimes.com,2024-07-04,NULL
175,"Vicki Theuff",vtheuff4u@mapy.cz,2024-09-20,NULL
176,"Arly Leggs",aleggs4v@livejournal.com,2024-10-26,66999
177,"Bamby Kohter",bkohter4w@netvibes.com,2024-10-22,3605
178,"Amble Conroy",aconroy4x@slideshare.net,2024-12-24,3102
179,"Beverie Clayson",bclayson4y@ustream.tv,2025-01-09,11-440
180,"Terence Lutzmann",tlutzmann4z@cyberchimps.com,2025-02-02,NULL
181,"Kahlil Judkin",kjudkin50@goodreads.com,2024-09-13,NULL
182,"Hersch Verlinde",hverlinde51@umich.edu,2024-11-28,NULL
183,"Lita Halpen",lhalpen52@smh.com.au,2024-09-22,NULL
184,"Hendrik Bramhall",hbramhall53@mayoclinic.com,2025-03-21,NULL
185,"Paolo Gumbley",pgumbley54@google.ru,2024-09-13,49580-000
186,"Gayle Delmonti",gdelmonti55@unblog.fr,2024-09-12,142817
187,"Alexandr Noden",anoden56@parallels.com,2025-01-31,80638
188,"Quintilla Waddup",qwaddup57@tiny.cc,2025-05-15,NULL
189,"Ruben Haythorne",rhaythorne58@nifty.com,2024-08-15,NULL
190,"Eda Ginie",eginie59@uol.com.br,2025-01-31,"941 65"
191,"Niel Martellini",nmartellini5a@cbslocal.com,2024-07-09,"271 01"
192,"Claudelle Beazley",cbeazley5b@sourceforge.net,2024-10-19,5021
193,"Harmon Benedyktowicz",hbenedyktowicz5c@reuters.com,2024-10-07,NULL
194,"Denna Lumox",dlumox5d@networksolutions.com,2024-08-27,NULL
195,"Sloan Standring",sstandring5e@census.gov,2025-03-17,"403 17"
196,"Bianka Fabb",bfabb5f@pinterest.com,2024-11-20,NULL
197,"Maurizio Pattie",mpattie5g@thetimes.co.uk,2024-08-29,NULL
198,"Emogene La Padula",ela5h@reference.com,2024-12-12,93350
199,"Adham Joannic",ajoannic5i@oracle.com,2025-02-13,357128
200,"Erda Ritchie",eritchie5j@creativecommons.org,2024-06-20,"68020 CEDEX"
201,"Charla Cavie",ccavie5k@reuters.com,2024-11-24,NULL
202,"Zsa zsa Eckersley",zzsa5l@feedburner.com,2025-04-08,NULL
203,"Lavinia Duddridge",lduddridge5m@ovh.net,2024-06-26,"83953 CEDEX"
204,"Collin Edgell",cedgell5n@boston.com,2024-09-22,354084
205,"Rennie Stratton",rstratton5o@histats.com,2025-01-04,NULL
206,"Frankie Dalgarnowch",fdalgarnowch5p@nytimes.com,2024-08-19,NULL
207,"Darb Ettridge",dettridge5q@washington.edu,2024-12-30,53710
208,"Paige Juden",pjuden5r@ted.com,2024-06-05,NULL
209,"Devonna Pettiward",dpettiward5s@clickbank.net,2024-08-02,899-1922
210,"Gibbie Vargas",gvargas5t@hubpages.com,2024-07-08,3915
211,"Anneliese Samweyes",asamweyes5u@seesaa.net,2024-08-18,NULL
212,"Bibby VanBrugh",bvanbrugh5v@mlb.com,2024-09-24,48919
213,"Shelagh Sevitt",ssevitt5w@wp.com,2025-03-16,KCM
214,"Gwenora McKelvey",gmckelvey5x@blogspot.com,2025-02-19,NULL
215,"Bianka McCurley",bmccurley5y@deliciousdays.com,2025-03-07,NULL
216,"Conchita Elcock",celcock5z@stanford.edu,2024-10-14,8702
217,"Mala Livzey",mlivzey60@webeden.co.uk,2024-10-02,NULL
218,"Damiano Peerless",dpeerless61@goo.ne.jp,2024-08-15,NULL
219,"Doroteya Fausch",dfausch62@addthis.com,2024-08-12,NULL
220,"Benedetta Reeder",breeder63@surveymonkey.com,2024-09-16,L-8523
221,"Sally Fairlam",sfairlam64@europa.eu,2024-08-21,NULL
222,"Shaun Telezhkin",stelezhkin65@prnewswire.com,2024-07-28,NULL
223,"Ermin Winfindine",ewinfindine66@freewebs.com,2025-02-02,10270
224,"Cori Patullo",cpatullo67@printfriendly.com,2025-01-29,"92159 CEDEX"
225,"Maximilianus Readmire",mreadmire68@taobao.com,2024-06-04,NULL
226,"Chrissy Barbe",cbarbe69@usda.gov,2024-06-01,NULL
227,"Jessamyn Lister",jlister6a@ycombinator.com,2024-08-25,NULL
228,"Jaime Solomon",jsolomon6b@blogger.com,2025-05-17,"462 87"
229,"Sarah Lince",slince6c@toplist.cz,2024-12-15,35180
230,"Lura Benedito",lbenedito6d@tmall.com,2025-02-22,NULL
231,"Mortimer Waddams",mwaddams6e@theglobeandmail.com,2024-10-24,143591
232,"Mateo Cicci",mcicci6f@ycombinator.com,2024-07-14,NULL
233,"Linnea Petch",lpetch6g@surveymonkey.com,2025-02-11,"50009 CEDEX"
234,"Alison Caveill",acaveill6h@google.fr,2025-02-13,357311
235,"Ann Zanicchi",azanicchi6i@engadget.com,2025-01-18,20220
236,"Walt Fumagallo",wfumagallo6j@seattletimes.com,2025-05-10,NULL
237,"Gregory O'Drought",godrought6k@netlog.com,2024-06-26,NULL
238,"Enrico Rothert",erothert6l@1688.com,2025-03-31,NULL
239,"Norah Treamayne",ntreamayne6m@list-manage.com,2024-12-06,NULL
240,"Wendell Leggate",wleggate6n@sohu.com,2024-08-01,00141
241,"Suki Coffelt",scoffelt6o@loc.gov,2024-08-08,NULL
242,"Ethel Greatrakes",egreatrakes6p@cbsnews.com,2024-09-22,NULL
243,"Edgard O'Leary",eoleary6q@mac.com,2024-12-07,NULL
244,"Tomkin Shawyers",tshawyers6r@gmpg.org,2025-04-02,28890-000
245,"Richie Orbell",rorbell6s@berkeley.edu,2025-02-28,NULL
246,"Joellyn Pipet",jpipet6t@vistaprint.com,2024-09-24,77-310
247,"Josey Gossan",jgossan6u@oracle.com,2025-02-05,692089
248,"Chloris Strood",cstrood6v@wix.com,2025-03-07,NULL
249,"Sallie Reggio",sreggio6w@biglobe.ne.jp,2024-10-07,NULL
250,"Korella Bonevant",kbonevant6x@comcast.net,2024-10-05,45570-000
251,"Alena Dacke",adacke6y@walmart.com,2024-10-31,66-350
252,"Jennine Pillans",jpillans6z@bbc.co.uk,2025-01-30,249111
253,"Paige Hockey",phockey70@senate.gov,2024-11-25,NULL
254,"Ruggiero Louca",rlouca71@1688.com,2025-03-15,NULL
255,"Steve Whisby",swhisby72@cdc.gov,2024-12-22,NULL
256,"Cornall Lawie",clawie73@state.gov,2025-05-12,NULL
257,"Gweneth Ruby",gruby74@vk.com,2025-02-16,NULL
258,"Rollo Merring",rmerring75@wikimedia.org,2024-08-05,NULL
259,"Korrie Irce",kirce76@jimdo.com,2024-09-06,2710-210
260,"Garwood Heeney",gheeney77@netscape.com,2025-05-13,NULL
261,"Hastie Morecombe",hmorecombe78@bizjournals.com,2025-05-16,6549
262,"Allix Banville",abanville79@eepurl.com,2024-12-09,NULL
263,"Morey Colrein",mcolrein7a@g.co,2024-06-03,NULL
264,"Abie Ricks",aricks7b@hao123.com,2025-04-09,NULL
265,"Conroy Kinnerk",ckinnerk7c@cbc.ca,2025-01-09,NULL
266,"Clemmy Pabel",cpabel7d@dion.ne.jp,2024-09-26,307251
267,"Fanny Billham",fbillham7e@stumbleupon.com,2024-11-28,NULL
268,"Allie Avard",aavard7f@moonfruit.com,2025-01-03,NULL
269,"Jayne MacGovern",jmacgovern7g@trellian.com,2024-11-19,NULL
270,"Jeffry Gutherson",jgutherson7h@weibo.com,2024-08-05,NULL
271,"Emmey Barrell",ebarrell7i@sbwire.com,2024-06-06,NULL
272,"Fifi Donaher",fdonaher7j@cam.ac.uk,2024-10-10,49170-000
273,"Marc Bampkin",mbampkin7k@webeden.co.uk,2024-10-08,NULL
274,"Valentine Almond",valmond7l@ning.com,2024-07-22,NULL
275,"Clerc Hadwick",chadwick7m@linkedin.com,2024-09-03,NULL
276,"Kirbee Tulip",ktulip7n@vkontakte.ru,2024-09-06,NULL
277,"Hilarius Hamflett",hhamflett7o@cnet.com,2024-12-06,NULL
278,"Norrie Brade",nbrade7p@independent.co.uk,2024-07-15,NULL
279,"Estell Broggetti",ebroggetti7q@bbb.org,2024-08-12,NULL
280,"Bili Bonsall",bbonsall7r@shutterfly.com,2024-10-25,NULL
281,"Vinson Cutcliffe",vcutcliffe7s@wunderground.com,2024-11-24,NULL
282,"Ximenez Gallelli",xgallelli7t@ihg.com,2025-05-03,NULL
283,"Clarice Sutlieff",csutlieff7u@gnu.org,2025-04-02,0654
284,"Emile Pickover",epickover7v@dion.ne.jp,2025-01-10,NULL
285,"Tremaine Yerrell",tyerrell7w@nature.com,2024-09-08,06500
286,"Neils Henden",nhenden7x@shareasale.com,2024-08-15,NULL
287,"Corabel Filippozzi",cfilippozzi7y@walmart.com,2024-12-09,5001
288,"Dani Olufsen",dolufsen7z@state.gov,2024-08-11,NULL
289,"Rabi Test",rtest80@icio.us,2025-03-15,NULL
290,"Averil Bernadon",abernadon81@liveinternet.ru,2025-03-23,4600
291,"Harwell Kington",hkington82@columbia.edu,2024-11-11,NULL
292,"Janette Wragge",jwragge83@indiegogo.com,2025-03-21,NULL
293,"Marve Newnham",mnewnham84@blogtalkradio.com,2024-08-11,56260-000
294,"Wilfred Adrain",wadrain85@homestead.com,2024-07-06,NULL
295,"Ragnar Learoid",rlearoid86@cbsnews.com,2024-11-07,49232
296,"Aidan Stubbings",astubbings87@twitpic.com,2024-07-25,NULL
297,"Alic Derry",aderry88@sphinn.com,2024-12-11,152247
298,"Nathalie Fahey",nfahey89@nhs.uk,2024-07-07,NULL
299,"Muffin Donati",mdonati8a@mlb.com,2024-09-04,"591 46"
300,"Pierce Pratt",ppratt8b@naver.com,2024-09-19,NULL
301,"Gayleen Quodling",gquodling8c@pinterest.com,2024-12-16,83-340
302,"Erica Sawbridge",esawbridge8d@irs.gov,2025-03-23,3115
303,"Odella Jirousek",ojirousek8e@china.com.cn,2024-10-01,49130
304,"Marla Schwerin",mschwerin8f@wsj.com,2024-12-30,NULL
305,"Cati Linnell",clinnell8g@guardian.co.uk,2025-02-01,429500
306,"Gilbert Woolley",gwoolley8h@e-recht24.de,2025-02-12,8657
307,"Donella Stones",dstones8i@topsy.com,2024-12-18,44210
308,"Terrell Fawbert",tfawbert8j@zimbio.com,2024-06-10,NULL
309,"Elsy Comini",ecomini8k@wufoo.com,2025-05-22,NULL
310,"Birgit Heaven",bheaven8l@mail.ru,2025-01-07,"40013 CEDEX"
311,"Alyda Judd",ajudd8m@slashdot.org,2025-01-04,NULL
312,"Grady Fairbrother",gfairbrother8n@seesaa.net,2024-06-27,NULL
313,"Anderea Ebbitt",aebbitt8o@scribd.com,2025-02-08,NULL
314,"Izaak Tsar",itsar8p@archive.org,2025-03-27,31207
315,"Davis Gioani",dgioani8q@mit.edu,2024-11-23,NULL
316,"Guenevere Dick",gdick8r@pcworld.com,2024-11-11,NULL
317,"Nani Digwood",ndigwood8s@engadget.com,2024-11-05,623725
318,"Lothario Paddell",lpaddell8t@liveinternet.ru,2024-08-03,NULL
319,"Crosby Hanney",channey8u@dropbox.com,2025-02-04,NULL
320,"Oswald Strewthers",ostrewthers8v@economist.com,2025-04-02,NULL
321,"Jojo Wattisham",jwattisham8w@arstechnica.com,2024-06-19,6671
322,"Nobie Routley",nroutley8x@unesco.org,2024-08-17,NULL
323,"Jeri Warrack",jwarrack8y@icq.com,2024-09-12,NULL
324,"Howie Ellicott",hellicott8z@amazonaws.com,2024-10-28,NULL
325,"Heloise Lindenbluth",hlindenbluth90@vimeo.com,2024-07-16,2390
326,"Opaline Thomesson",othomesson91@sourceforge.net,2024-09-17,NULL
327,"Helen Oade",hoade92@psu.edu,2024-08-24,A8A
328,"Korey Bramsom",kbramsom93@bloglovin.com,2024-10-13,30201
329,"Jarrett Stummeyer",jstummeyer94@bloglines.com,2024-11-12,95960-000
330,"Tirrell Geindre",tgeindre95@qq.com,2024-12-13,NULL
331,"Peterus Wathan",pwathan96@paginegialle.it,2024-10-09,NULL
332,"Aldis Missen",amissen97@craigslist.org,2025-04-09,NULL
333,"Boris Woofendell",bwoofendell98@nyu.edu,2025-03-28,NULL
334,"Gabriele Gough",ggough99@miibeian.gov.cn,2024-11-29,NULL
335,"Linet Bortolazzi",lbortolazzi9a@lycos.com,2025-05-10,96925
336,"Dorolice Wilmut",dwilmut9b@ning.com,2024-08-01,06005
337,"Adah Needham",aneedham9c@ftc.gov,2024-11-03,NULL
338,"Earle Dennehy",edennehy9d@shutterfly.com,2024-09-09,9701
339,"Lucille Stephens",lstephens9e@smh.com.au,2024-06-25,NULL
340,"Marlow Digle",mdigle9f@wiley.com,2024-10-19,NULL
341,"Joyan Grundell",jgrundell9g@time.com,2025-05-05,58330-000
342,"Concettina Streeter",cstreeter9h@clickbank.net,2024-10-03,28200-000
343,"Danny Panichelli",dpanichelli9i@t-online.de,2024-07-02,NULL
344,"Regan Firk",rfirk9j@yelp.com,2024-06-12,96570-000
345,"Isidore Guille",iguille9k@aol.com,2025-02-19,T1C
346,"Mace Cuniffe",mcuniffe9l@ebay.com,2024-05-24,NULL
347,"Timmie Yurchishin",tyurchishin9m@edublogs.org,2025-02-13,NULL
348,"Darwin Fero",dfero9n@who.int,2025-05-02,NULL
349,"Ashely Cordy",acordy9o@skyrock.com,2025-05-16,NULL
350,"Lorene Rowland",lrowland9p@desdev.cn,2024-08-18,72-210
351,"Aileen Rewbottom",arewbottom9q@comcast.net,2025-03-18,665375
352,"Manfred Skipsea",mskipsea9r@si.edu,2025-01-08,NULL
353,"Marybeth Kettlestringes",mkettlestringes9s@stanford.edu,2024-10-17,NULL
354,"Liliane Livett",llivett9t@twitter.com,2024-06-03,NULL
355,"Peterus Corwin",pcorwin9u@cdbaby.com,2024-09-07,NULL
356,"Helli Drewes",hdrewes9v@studiopress.com,2024-09-04,NULL
357,"Nicolette Ballinger",nballinger9w@quantcast.com,2024-07-05,04008
358,"Angelita Mackness",amackness9x@uiuc.edu,2025-01-19,NULL
359,"Guthrie Buckthought",gbuckthought9y@jigsy.com,2024-07-02,NULL
360,"Mord Lilleycrop",mlilleycrop9z@arizona.edu,2025-01-03,76210
361,"Eimile Rohfsen",erohfsena0@thetimes.co.uk,2024-12-03,NULL
362,"Georgianne Heibl",gheibla1@linkedin.com,2025-04-10,999-2222
363,"Bernard Freschi",bfreschia2@google.com.br,2024-06-07,2408
364,"Marilin De Freyne",mdea3@smh.com.au,2024-10-26,NULL
365,"Ardisj Crolla",acrollaa4@rakuten.co.jp,2024-10-22,12940-000
366,"Aurelia Arsnell",aarsnella5@odnoklassniki.ru,2025-03-31,NULL
367,"Davita Garrat",dgarrata6@jimdo.com,2024-08-13,NULL
368,"Fred Davydychev",fdavydycheva7@alexa.com,2024-11-29,NULL
369,"Tobe O'Loughane",toloughanea8@hubpages.com,2024-11-19,188354
370,"Judy Stepney",jstepneya9@is.gd,2025-02-25,NULL
371,"Bing Kelmere",bkelmereaa@salon.com,2025-03-30,NULL
372,"Krystle Oakland",koaklandab@nyu.edu,2024-09-26,NULL
373,"Welby Bedbrough",wbedbroughac@dion.ne.jp,2024-08-24,99001
374,"Ania Holbarrow",aholbarrowad@xrea.com,2025-01-25,NULL
375,"Cordie Fegan",cfeganae@reuters.com,2025-02-22,1930
376,"Anastasia Gourlay",agourlayaf@comsenz.com,2025-01-16,NULL
377,"Reagan Savoury",rsavouryag@printfriendly.com,2024-07-08,NULL
378,"Glenda Everly",geverlyah@vimeo.com,2024-07-18,685518
379,"Gwenni Terzi",gterziai@berkeley.edu,2025-04-11,07007
380,"Park Cussins",pcussinsaj@digg.com,2025-02-01,"680 01"
381,"Katharyn Laird-Craig",klairdcraigak@buzzfeed.com,2025-01-19,NULL
382,"Elfreda Naismith",enaismithal@miibeian.gov.cn,2024-08-30,NULL
383,"Willard Lubman",wlubmanam@godaddy.com,2024-10-26,NULL
384,"Garrett Albertson",galbertsonan@google.cn,2024-05-24,NULL
385,"Damon Lockyer",dlockyerao@nymag.com,2024-12-13,NULL
386,"Eulalie Windows",ewindowsap@sbwire.com,2025-04-07,NULL
387,"Wanids Lukacs",wlukacsaq@patch.com,2024-12-14,43211
388,"Ada Mingame",amingamear@soundcloud.com,2024-06-16,NULL
389,"Ram Van Zon",rvanas@independent.co.uk,2024-11-05,"34004 CEDEX 1"
390,"Aleen McComish",amccomishat@sogou.com,2024-06-22,NULL
391,"Andra Grave",agraveau@timesonline.co.uk,2024-08-28,397551
392,"Virgilio Beri",vberiav@1und1.de,2025-04-08,32-082
393,"Des Jaram",djaramaw@trellian.com,2024-08-04,NULL
394,"Belita Thursfield",bthursfieldax@tumblr.com,2024-10-30,NULL
395,"Tedd Threadgold",tthreadgolday@delicious.com,2024-05-31,NULL
396,"Storm Tripet",stripetaz@discovery.com,2024-10-08,NULL
397,"Daisi Bundy",dbundyb0@delicious.com,2024-11-20,NULL
398,"Raphaela Meletti",rmelettib1@behance.net,2024-11-26,7300-006
399,"Sherrie Dole",sdoleb2@amazonaws.com,2025-02-08,NULL
400,"Sisely MacCafferky",smaccafferkyb3@java.com,2024-09-02,NULL
401,"Malissia Ginnety",mginnetyb4@ocn.ne.jp,2025-04-12,NULL
402,"Gregorio Cowling",gcowlingb5@xing.com,2024-10-29,NULL
403,"Jenna Stembridge",jstembridgeb6@spiegel.de,2025-01-01,NULL
404,"Delcina Crankhorn",dcrankhornb7@sakura.ne.jp,2025-02-15,NULL
405,"Isadore Bertome",ibertomeb8@dedecms.com,2024-06-18,NULL
406,"Rebbecca Callen",rcallenb9@dot.gov,2024-08-08,"95011 CEDEX"
407,"Arvy De Micoli",adeba@aol.com,2024-08-22,NULL
408,"Kandace Gosnall",kgosnallbb@oakley.com,2025-01-13,NULL
409,"Henderson Coal",hcoalbc@oakley.com,2024-07-25,NULL
410,"Englebert Zylberdik",ezylberdikbd@seesaa.net,2025-01-20,NULL
411,"Meggi O'Fergus",mofergusbe@ihg.com,2024-12-11,NULL
412,"Aube Gentzsch",agentzschbf@ebay.com,2025-05-05,NULL
413,"Quint Simms",qsimmsbg@yahoo.com,2024-10-07,"671 69"
414,"Carter MacDuffie",cmacduffiebh@1und1.de,2025-03-16,530-0012
415,"Naoma Marquand",nmarquandbi@yale.edu,2025-01-23,95000-000
416,"Bonni Forrest",bforrestbj@china.com.cn,2025-04-18,NULL
417,"Maurise Cordero",mcorderobk@artisteer.com,2024-06-01,32-865
418,"Farlay Perton",fpertonbl@histats.com,2025-03-21,NULL
419,"Emlyn Burress",eburressbm@acquirethisname.com,2024-07-20,352275
420,"Gerri Gossage",ggossagebn@delicious.com,2024-11-15,11403
421,"Grove Whacket",gwhacketbo@constantcontact.com,2024-10-05,NULL
422,"Clem Besnardeau",cbesnardeaubp@miibeian.gov.cn,2025-01-28,NULL
423,"Kirby Sadgrove",ksadgrovebq@amazon.com,2024-10-15,05-530
424,"Tami Blyth",tblythbr@de.vu,2024-09-10,"593 93"
425,"Monika Ochiltree",mochiltreebs@opera.com,2025-01-27,60609
426,"Lorena Gisbey",lgisbeybt@nba.com,2024-07-25,368326
427,"Wallis Ort",wortbu@macromedia.com,2024-10-31,36740-000
428,"Goraud Bibey",gbibeybv@statcounter.com,2024-12-07,05-320
429,"Basile Megarry",bmegarrybw@ameblo.jp,2024-06-04,"585 97"
430,"Syd Brinkman",sbrinkmanbx@ucla.edu,2024-11-18,2329
431,"Adan Petruk",apetrukby@bloglovin.com,2025-04-29,761508
432,"Stanislaw Nalder",snalderbz@hp.com,2025-02-24,NULL
433,"Celinda Gandar",cgandarc0@opensource.org,2024-10-29,NULL
434,"Holly Behnke",hbehnkec1@dot.gov,2024-12-30,D06
435,"Nevil Smyth",nsmythc2@weebly.com,2024-08-22,249070
436,"Gilberte Yanyushkin",gyanyushkinc3@intel.com,2024-08-15,96120
437,"Tadeo Siemons",tsiemonsc4@elpais.com,2024-06-17,21-450
438,"Cosme Brookwell",cbrookwellc5@alibaba.com,2024-06-07,NULL
439,"Jill Surgood",jsurgoodc6@dailymail.co.uk,2024-06-14,4700-005
440,"Jo Braunroth",jbraunrothc7@chron.com,2024-10-02,522007
441,"Stinky Mountjoy",smountjoyc8@mozilla.org,2024-08-26,"665 33"
442,"Burty Gouny",bgounyc9@yelp.com,2024-07-15,NULL
443,"Petrina Malia",pmaliaca@weather.com,2024-07-09,NULL
444,"Clarey Frisdick",cfrisdickcb@scribd.com,2025-02-09,NULL
445,"Scottie Faier",sfaiercc@wisc.edu,2024-10-22,NULL
446,"Karla Raftery",krafterycd@oaic.gov.au,2024-07-08,NULL
447,"Isiahi Armitage",iarmitagece@narod.ru,2024-12-28,NULL
448,"Sydelle Lionel",slionelcf@microsoft.com,2024-07-18,NULL
449,"Shandra Denham",sdenhamcg@feedburner.com,2024-09-01,NULL
450,"Joannes Posselt",jposseltch@pen.io,2025-05-22,NULL
451,"Gunar Keuntje",gkeuntjeci@about.me,2024-12-06,353389
452,"Belle Sarfas",bsarfascj@slate.com,2024-09-30,"789 85"
453,"Niccolo Meys",nmeysck@canalblog.com,2024-07-17,NULL
454,"Corey Floweth",cflowethcl@sfgate.com,2025-02-26,NULL
455,"Linda Blewis",lblewiscm@go.com,2025-03-27,NULL
456,"Melloney Minker",mminkercn@time.com,2024-07-05,NULL
457,"Portie Bispo",pbispoco@webnode.com,2025-05-10,11805
458,"Tadeas Eades",teadescp@dmoz.org,2024-06-09,NULL
459,"Casper Colenutt",ccolenuttcq@wunderground.com,2025-05-03,NULL
460,"Abigail Woakes",awoakescr@bloglines.com,2025-01-07,NULL
461,"Wren Tradewell",wtradewellcs@dagondesign.com,2025-03-22,NULL
462,"Kale McDowall",kmcdowallct@utexas.edu,2024-10-25,9712
463,"Kathleen Duchateau",kduchateaucu@mashable.com,2024-09-04,"65911 CEDEX 9"
464,"Ossie Guillotin",oguillotincv@npr.org,2024-08-13,153457
465,"Josi Furby",jfurbycw@arizona.edu,2025-04-21,NULL
466,"Lev Minigo",lminigocx@disqus.com,2025-04-14,NULL
467,"Aurel Bayman",abaymancy@sogou.com,2024-10-04,NULL
468,"Nichole Renackowna",nrenackownacz@ebay.com,2025-02-26,L2A
469,"Yancy McAless",ymcalessd0@wikispaces.com,2024-10-21,33-240
470,"Duffy Devigne",ddevigned1@cocolog-nifty.com,2024-05-28,NULL
471,"Kristien Goggen",kgoggend2@msu.edu,2025-01-02,34260
472,"Lon Goroni",lgoronid3@cocolog-nifty.com,2024-10-31,NULL
473,"Sander Parmenter",sparmenterd4@cnet.com,2024-10-23,4550
474,"Emmanuel Alabaster",ealabasterd5@livejournal.com,2024-10-14,NULL
475,"Elbert Ollenbuttel",eollenbutteld6@stumbleupon.com,2024-10-28,NULL
476,"Jesse Penwell",jpenwelld7@people.com.cn,2024-06-16,"75353 SP 07"
477,"Rosemaria Chastagnier",rchastagnierd8@disqus.com,2024-07-01,NULL
478,"Estrella Aldwinckle",ealdwinckled9@people.com.cn,2024-11-14,NULL
479,"Veronique Bottomley",vbottomleyda@dropbox.com,2025-02-27,NULL
480,"Alden De Matteis",adedb@slideshare.net,2024-12-30,NULL
481,"Munroe Chatband",mchatbanddc@oakley.com,2024-12-02,NULL
482,"Dael O'Neill",doneilldd@wix.com,2024-07-31,2686
483,"Galina Delepine",gdelepinede@symantec.com,2024-10-25,NULL
484,"Teodor Hambidge",thambidgedf@bizjournals.com,2025-01-15,849-5263
485,"Read Haswell",rhaswelldg@scientificamerican.com,2024-06-04,2253
486,"Isa Curzon",icurzondh@e-recht24.de,2024-08-22,NULL
487,"Shelby Ossenna",sossennadi@samsung.com,2025-04-07,A41
488,"Curtice Izzard",cizzarddj@xing.com,2025-01-19,1110
489,"Danit Brenneke",dbrennekedk@sciencedaily.com,2024-10-01,"94384 CEDEX"
490,"Dacia Murdy",dmurdydl@godaddy.com,2024-10-21,NULL
491,"Rebeka Willbraham",rwillbrahamdm@reuters.com,2024-07-31,NULL
492,"Corry Breeze",cbreezedn@fotki.com,2025-04-23,NULL
493,"Mona Challinor",mchallinordo@yelp.com,2024-10-04,NULL
494,"Remus Penwright",rpenwrightdp@cisco.com,2025-01-11,76320-000
495,"Carmen Zeplin",czeplindq@blogspot.com,2024-08-28,664-0846
496,"Aubree Camerana",acameranadr@samsung.com,2024-09-06,"16999 CEDEX 9"
497,"Allen Nolda",anoldads@umn.edu,2024-09-17,47-240
498,"Donna Gradley",dgradleydt@is.gd,2025-04-08,NULL
499,"Neill Lyes",nlyesdu@soup.io,2024-07-12,NULL
500,"Concordia Sheerin",csheerindv@freewebs.com,2025-05-04,R8A
501,"Lyn Allday",lalldaydw@disqus.com,2025-03-10,"687 24"
502,"Estevan Rowles",erowlesdx@miitbeian.gov.cn,2024-06-02,NULL
503,"Sande Thomton",sthomtondy@hc360.com,2024-08-07,48211
504,"Audrye Lidgate",alidgatedz@prnewswire.com,2024-09-16,NULL
505,"Justin Dressell",jdresselle0@vimeo.com,2025-04-03,NULL
506,"Randa Tarquinio",rtarquinioe1@lycos.com,2024-06-23,48960-000
507,"Crista Delamere",cdelameree2@nymag.com,2024-11-07,NULL
508,"Mari Rosengren",mrosengrene3@webeden.co.uk,2024-05-27,NULL
509,"Lezley Doodney",ldoodneye4@rediff.com,2025-03-25,NULL
510,"Tasha Madelin",tmadeline5@ustream.tv,2024-10-17,1045
511,"Merrie Rosina",mrosinae6@shareasale.com,2025-01-12,NULL
512,"D'arcy Burthom",dburthome7@printfriendly.com,2024-11-12,NULL
513,"Chryste Farnill",cfarnille8@technorati.com,2024-12-23,29330-000
514,"Brana Purrington",bpurringtone9@bluehost.com,2024-08-15,NULL
515,"Jemimah Collip",jcollipea@tmall.com,2024-08-22,42-125
516,"Giorgi Tuer",gtuereb@ft.com,2025-02-13,57351
517,"Prentiss Gandey",pgandeyec@webs.com,2024-08-20,NULL
518,"Lexine Linster",llinstered@newsvine.com,2024-06-01,NULL
519,"Charlton Gumery",cgumeryee@reuters.com,2024-08-25,"418 77"
520,"Norton Durward",ndurwardef@dedecms.com,2025-03-14,"789 83"
521,"Corbin Lardiner",clardinereg@aboutads.info,2024-11-23,55718
522,"Yard Solly",ysollyeh@bloomberg.com,2025-05-02,NULL
523,"Benji Eates",beatesei@bluehost.com,2025-04-20,NULL
524,"Kiley Foyster",kfoysterej@macromedia.com,2024-09-12,12700-000
525,"Hurleigh Jessopp",hjessoppek@whitehouse.gov,2025-04-14,84150
526,"Shane Bonsey",sbonseyel@sakura.ne.jp,2025-02-25,NULL
527,"Bordy Jeenes",bjeenesem@wiley.com,2024-06-22,NULL
528,"Vinita Klimkowski",vklimkowskien@businessweek.com,2024-12-16,142279
529,"Gunilla Pitfield",gpitfieldeo@sphinn.com,2024-10-18,2715-145
530,"Garry Spraggs",gspraggsep@jalbum.net,2025-04-30,20190
531,"Melvyn Sall",msalleq@shutterfly.com,2024-07-13,4650-805
532,"Fremont Code",fcodeer@telegraph.co.uk,2024-07-10,17031
533,"Kaspar Trousdell",ktrousdelles@wikia.com,2025-02-15,"10081 CEDEX"
534,"Darelle Brealey",dbrealeyet@yahoo.com,2024-09-02,8307
535,"Tommie Boyda",tboydaeu@ted.com,2024-07-02,5249
536,"Neville Marconi",nmarconiev@ca.gov,2024-11-25,"176 76"
537,"Bebe Oertzen",boertzenew@photobucket.com,2024-08-14,NULL
538,"Shem Casiero",scasieroex@pen.io,2025-05-14,NULL
539,"Gunar Donaho",gdonahoey@1und1.de,2025-04-12,4513
540,"Abner Ramberg",arambergez@hostgator.com,2025-01-21,7006
541,"Vevay Drewery",vdreweryf0@shutterfly.com,2024-12-03,26-010
542,"Cecil Slobom",cslobomf1@census.gov,2024-05-31,"27509 CEDEX"
543,"Alexine Cleyburn",acleyburnf2@bloglovin.com,2024-09-20,NULL
544,"Kristina Standbrook",kstandbrookf3@hexun.com,2024-10-08,173501
545,"Bride Hyde",bhydef4@pagesperso-orange.fr,2024-11-13,140074
546,"Yuri Laurisch",ylaurischf5@netlog.com,2024-12-06,632520
547,"Dorothee Leguey",dlegueyf6@cam.ac.uk,2025-05-17,NULL
548,"Meta Rayburn",mrayburnf7@blogger.com,2024-08-29,NULL
549,"Prent Luttger",pluttgerf8@senate.gov,2025-03-28,NULL
550,"Arleen Torvey",atorveyf9@state.tx.us,2025-04-17,NULL
551,"Hashim McCaughen",hmccaughenfa@kickstarter.com,2025-05-01,"34294 CEDEX 5"
552,"Jackson Lehrahan",jlehrahanfb@ow.ly,2024-08-25,58305-000
553,"Cloris Attree",cattreefc@spiegel.de,2025-01-17,6046
554,"Natala Skirrow",nskirrowfd@storify.com,2025-05-16,NULL
555,"Blondelle Lembcke",blembckefe@opensource.org,2024-07-07,393995
556,"Dania McCrainor",dmccrainorff@amazonaws.com,2024-11-02,NULL
557,"Cindi Polamontayne",cpolamontaynefg@hatena.ne.jp,2024-07-01,NULL
558,"Giff Jerrom",gjerromfh@deliciousdays.com,2024-11-25,4795-549
559,"Dion Auden",daudenfi@feedburner.com,2024-07-12,64100-000
560,"Bartel Blois",bbloisfj@ca.gov,2024-09-16,NULL
561,"Osbourne Casse",ocassefk@amazon.co.jp,2024-07-24,75518
562,"Conway Westrip",cwestripfl@rakuten.co.jp,2024-06-03,NULL
563,"Norbie Wakelin",nwakelinfm@eepurl.com,2024-09-28,NULL
564,"Grove Hulburd",ghulburdfn@newsvine.com,2025-01-08,"811 40"
565,"Niki Hendron",nhendronfo@ameblo.jp,2024-09-07,NULL
566,"Roseanna Astbery",rastberyfp@fastcompany.com,2025-02-21,NULL
567,"Bili Leet",bleetfq@nps.gov,2025-01-20,NULL
568,"Townie Halle",thallefr@flickr.com,2024-10-06,62380-000
569,"Josephine Brazelton",jbrazeltonfs@ft.com,2025-05-21,NULL
570,"Evin Bernaciak",ebernaciakft@friendfeed.com,2024-08-11,397325
571,"Codi Pettersen",cpettersenfu@auda.org.au,2025-04-18,NULL
572,"Madelon Dawby",mdawbyfv@wired.com,2024-09-05,NULL
573,"Karoly Gambie",kgambiefw@buzzfeed.com,2024-07-28,7207
574,"Asia Veasey",aveaseyfx@fastcompany.com,2025-05-19,NULL
575,"Karlen Nordass",knordassfy@nbcnews.com,2025-04-22,4221
576,"Valida Dampney",vdampneyfz@adobe.com,2025-01-17,9024
577,"Dorothea Deeprose",ddeeproseg0@google.co.uk,2024-07-02,623650
578,"Randall Godbolt",rgodboltg1@census.gov,2024-10-05,NULL
579,"Charleen Hatter",chatterg2@ihg.com,2025-03-05,"34064 CEDEX 2"
580,"Delora enzley",denzleyg3@marriott.com,2025-05-01,NULL
581,"Hilliard Greenin",hgreening4@studiopress.com,2025-03-02,88778
582,"Loretta Cantero",lcanterog5@github.io,2024-09-01,NULL
583,"Sherman Huffy",shuffyg6@gnu.org,2025-02-22,NULL
584,"Mack Slocket",mslocketg7@who.int,2025-02-21,NULL
585,"Dorene Pointer",dpointerg8@woothemes.com,2025-05-09,NULL
586,"Jobyna Fellman",jfellmang9@gmpg.org,2024-07-13,"75413 CEDEX 08"
587,"Rosina Lambertson",rlambertsonga@surveymonkey.com,2024-09-29,NULL
588,"Ed Leidl",eleidlgb@dyndns.org,2024-08-13,NULL
589,"Nady Upham",nuphamgc@imgur.com,2025-02-19,NULL
590,"Gardie Cozzi",gcozzigd@ifeng.com,2024-10-19,NULL
591,"Mireille Battersby",mbattersbyge@mayoclinic.com,2024-09-05,2419
592,"Ola Costall",ocostallgf@123-reg.co.uk,2024-08-08,NULL
593,"Perren Loving",plovinggg@go.com,2025-03-28,J1E
594,"Terrijo Gallant",tgallantgh@desdev.cn,2024-10-29,731048
595,"Zaria Mavin",zmavingi@squidoo.com,2024-12-07,NULL
596,"Brad Plaid",bplaidgj@cbc.ca,2025-01-24,7875-055
597,"Piper Gatenby",pgatenbygk@alibaba.com,2024-10-07,2504
598,"Allegra Gogin",agogingl@buzzfeed.com,2024-11-16,"569 92"
599,"Breena Dransfield",bdransfieldgm@addtoany.com,2025-03-08,NULL
600,"Danie McNaughton",dmcnaughtongn@1688.com,2025-03-27,N9V
601,"Candida Arniz",carnizgo@va.gov,2025-04-29,NULL
602,"Eveline Jenkerson",ejenkersongp@delicious.com,2024-10-06,NULL
603,"Miran Heazel",mheazelgq@dion.ne.jp,2024-07-10,NULL
604,"Yorker Lamden",ylamdengr@mail.ru,2024-05-23,NULL
605,"Marlie Fiddymont",mfiddymontgs@npr.org,2024-07-05,NULL
606,"Duff Ahearne",dahearnegt@digg.com,2024-07-12,NULL
607,"Arlena Parry",aparrygu@indiatimes.com,2025-02-17,NULL
608,"Alyson Nacey",anaceygv@chronoengine.com,2024-10-21,H62
609,"June Castellan",jcastellangw@globo.com,2025-05-11,NULL
610,"Izabel Kennsley",ikennsleygx@forbes.com,2025-01-12,4508
611,"Ginger Yakebovitch",gyakebovitchgy@engadget.com,2025-01-20,NULL
612,"Hersch Sergent",hsergentgz@hc360.com,2024-07-02,25646
613,"Nissie Grishkov",ngrishkovh0@odnoklassniki.ru,2024-12-07,"76011 CEDEX"
614,"Constantino Magor",cmagorh1@php.net,2024-06-10,70101
615,"Alis Jacmard",ajacmardh2@nifty.com,2024-10-13,3297
616,"Read Nowland",rnowlandh3@furl.net,2024-09-17,22908
617,"Dalenna Agge",daggeh4@weibo.com,2024-12-13,"93017 CEDEX"
618,"Vaughan Anscombe",vanscombeh5@vkontakte.ru,2024-11-26,NULL
619,"Beverlie Tilbrook",btilbrookh6@washingtonpost.com,2024-06-27,NULL
620,"Forrest Message",fmessageh7@boston.com,2025-02-20,"17029 CEDEX 1"
621,"Faber Endersby",fendersbyh8@biblegateway.com,2025-04-18,NULL
622,"Marketa Fermer",mfermerh9@mit.edu,2025-03-19,5602
623,"Devonna Cornillot",dcornillotha@t-online.de,2024-08-02,181000
624,"Marion Soane",msoanehb@de.vu,2025-03-19,"616 32"
625,"Efrem Bastistini",ebastistinihc@gnu.org,2024-12-03,"121 36"
626,"Luci Jeger",ljegerhd@guardian.co.uk,2025-02-15,32627
627,"Lucky Dwine",ldwinehe@csmonitor.com,2025-02-25,NULL
628,"Clem Rainford",crainfordhf@bbc.co.uk,2025-01-10,43-523
629,"Tamar Cudiff",tcudiffhg@pcworld.com,2024-10-30,NULL
630,"Tracie Cawdell",tcawdellhh@godaddy.com,2025-05-02,10807
631,"Duane Coster",dcosterhi@angelfire.com,2025-02-10,NULL
632,"Joel Vesque",jvesquehj@google.fr,2024-09-07,NULL
633,"Chiarra Taig",ctaighk@microsoft.com,2025-04-10,NULL
634,"Manda Bowick",mbowickhl@t.co,2025-05-11,96922
635,"Mordecai Vader",mvaderhm@amazon.co.jp,2025-05-13,"153 38"
636,"Adelle Sheering",asheeringhn@nih.gov,2025-03-16,949-1742
637,"Danell Florey",dfloreyho@mediafire.com,2024-07-10,NULL
638,"Meredeth Mains",mmainshp@google.es,2024-07-16,"439 42"
639,"Hortensia Findlay",hfindlayhq@nsw.gov.au,2025-05-01,NULL
640,"Lazarus Cherry",lcherryhr@fastcompany.com,2025-04-23,NULL
641,"Egon McElvogue",emcelvoguehs@bbc.co.uk,2024-12-26,NULL
642,"Aleta Cato",acatoht@t.co,2025-01-07,NULL
643,"Darcy Crockley",dcrockleyhu@cnbc.com,2024-08-31,44150
644,"Jude Tankin",jtankinhv@uiuc.edu,2025-02-17,NULL
645,"Iolande Ballingal",iballingalhw@google.com,2024-07-11,NULL
646,"Perrine Burger",pburgerhx@cbc.ca,2025-04-15,NULL
647,"Horacio Doge",hdogehy@usnews.com,2024-11-17,NULL
648,"Pooh Tilford",ptilfordhz@skyrock.com,2025-03-02,55-080
649,"Rowney Kobes",rkobesi0@noaa.gov,2024-08-26,NULL
650,"Janeen Devenny",jdevennyi1@cpanel.net,2024-11-06,40000
651,"Agnola O'Doherty",aodohertyi2@4shared.com,2025-04-16,5249
652,"Enoch Yannoni",eyannonii3@icq.com,2024-10-12,NULL
653,"Ermentrude Duddin",eduddini4@1und1.de,2025-03-17,NULL
654,"Jennilee Tunkin",jtunkini5@shop-pro.jp,2024-06-13,7580-005
655,"Saraann Lattimore",slattimorei6@arizona.edu,2024-12-04,37-220
656,"Isis Mitchley",imitchleyi7@senate.gov,2024-12-26,NULL
657,"Iris Schapero",ischaperoi8@goo.gl,2025-04-30,NULL
658,"Bendicty Roden",brodeni9@toplist.cz,2024-06-01,NULL
659,"Joanne McQuade",jmcquadeia@moonfruit.com,2025-04-29,810
660,"Lisle Enrigo",lenrigoib@yelp.com,2024-10-11,NULL
661,"Amberly Kidby",akidbyic@goo.gl,2025-03-05,NULL
662,"Page Slowgrave",pslowgraveid@mysql.com,2024-09-20,NULL
663,"Ann-marie Ligoe",aligoeie@pcworld.com,2025-04-13,NULL
664,"Gideon O' Reagan",goif@godaddy.com,2024-12-13,521508
665,"Daffy Tearney",dtearneyig@irs.gov,2025-01-09,"163 62"
666,"Edan Castellet",ecastelletih@go.com,2024-06-29,NULL
667,"Anastasia Elias",aeliasii@google.ca,2025-02-07,H9J
668,"Kasper Deboo",kdebooij@1und1.de,2025-03-26,6509
669,"Yankee Dumbellow",ydumbellowik@huffingtonpost.com,2025-02-19,56250-000
670,"Doralin Bogart",dbogartil@youtube.com,2024-12-01,97590-000
671,"Inna Sterndale",isterndaleim@bbc.co.uk,2024-09-02,5030-566
672,"Annalise Krale",akralein@addthis.com,2024-09-24,NULL
673,"Patrizio Dedden",pdeddenio@jigsy.com,2025-04-29,NULL
674,"Aluin Girardetti",agirardettiip@technorati.com,2024-06-01,14019
675,"Ingrim Scryne",iscryneiq@google.cn,2025-04-08,"355 92"
676,"Sydney Frampton",sframptonir@ovh.net,2024-06-15,249087
677,"Norah Blumsom",nblumsomis@reverbnation.com,2025-01-15,NULL
678,"Minetta Antonomoli",mantonomoliit@army.mil,2024-09-13,1320
679,"Grayce McQuaid",gmcquaidiu@reverbnation.com,2025-01-14,NULL
680,"Randy Stickles",rsticklesiv@msu.edu,2024-07-19,99-412
681,"Langsdon Nosworthy",lnosworthyiw@economist.com,2024-08-29,NULL
682,"Donny Manske",dmanskeix@ted.com,2025-05-07,76598
683,"Ailey Tugwell",atugwelliy@deliciousdays.com,2024-09-14,NULL
684,"Corine Goundsy",cgoundsyiz@twitter.com,2024-08-18,NULL
685,"Graehme Guittet",gguittetj0@mapy.cz,2025-02-08,"04016 CEDEX"
686,"Junia Leslie",jlesliej1@elegantthemes.com,2024-11-07,NULL
687,"Johnath Midgley",jmidgleyj2@columbia.edu,2024-08-01,188665
688,"Peder Thuillier",pthuillierj3@theguardian.com,2025-03-11,NULL
689,"Anya Gulleford",agullefordj4@godaddy.com,2025-02-14,2600-015
690,"Shirlee Hartle",shartlej5@baidu.com,2024-10-21,NULL
691,"Kippy Quantick",kquantickj6@cocolog-nifty.com,2024-12-03,99200-000
692,"Nikoletta Lavery",nlaveryj7@gnu.org,2024-12-20,NULL
693,"Devon Calvert",dcalvertj8@seattletimes.com,2024-10-14,NULL
694,"Estevan Basset",ebassetj9@instagram.com,2025-03-04,NULL
695,"Dorelle Bevan",dbevanja@google.com,2024-10-26,NULL
696,"Corrina Huddy",chuddyjb@ca.gov,2024-06-02,6405
697,"Terrell Rolley",trolleyjc@wix.com,2024-09-17,309666
698,"Rayna Culley",rculleyjd@networkadvertising.org,2024-08-29,NULL
699,"Kirsti Burdikin",kburdikinje@nydailynews.com,2024-08-26,NULL
700,"Jodi Coakley",jcoakleyjf@google.es,2025-01-06,NULL
701,"Tedra Durning",tdurningjg@mozilla.org,2024-09-06,859-0416
702,"Legra Hulles",lhullesjh@sina.com.cn,2024-08-18,NULL
703,"Irwin Brentnall",ibrentnallji@ycombinator.com,2024-08-12,4640
704,"Kelsey Elington",kelingtonjj@netscape.com,2024-09-20,NULL
705,"Mamie Gration",mgrationjk@surveymonkey.com,2025-01-04,5195
706,"Felice Lentsch",flentschjl@eepurl.com,2025-04-26,155219
707,"Wyn Dobble",wdobblejm@biglobe.ne.jp,2025-03-28,NULL
708,"Cecil Lowndesbrough",clowndesbroughjn@msu.edu,2025-02-23,2860-310
709,"Ki Gelder",kgelderjo@1688.com,2025-05-17,42-284
710,"De witt Leiden",dwittjp@blog.com,2024-07-19,79165
711,"Nicolea Rissom",nrissomjq@pcworld.com,2024-08-11,"73009 CEDEX"
712,"Chrysa Dando",cdandojr@uiuc.edu,2025-02-13,NULL
713,"Filippo Ewbanche",fewbanchejs@umn.edu,2025-05-17,NULL
714,"Waverly Gaither",wgaitherjt@cyberchimps.com,2024-06-03,NULL
715,"Garrick Denyukin",gdenyukinju@ted.com,2025-02-22,"504 31"
716,"Fenelia Safell",fsafelljv@craigslist.org,2024-10-06,58600-000
717,"Harmonie Barson",hbarsonjw@nymag.com,2024-08-08,72-500
718,"Stephana Compston",scompstonjx@omniture.com,2025-01-07,9840
719,"Jerome Fullard",jfullardjy@wikimedia.org,2024-07-30,73-108
720,"Helga Matuschek",hmatuschekjz@hubpages.com,2025-01-28,5505
721,"Wenonah Dyett",wdyettk0@ucsd.edu,2025-04-15,2070-305
722,"Gregg Instock",ginstockk1@yahoo.com,2024-08-04,NULL
723,"Gabey Nucciotti",gnucciottik2@qq.com,2024-11-24,NULL
724,"Hobard Fozard",hfozardk3@oakley.com,2024-08-18,NULL
725,"Gardner Yeskov",gyeskovk4@berkeley.edu,2025-04-26,NULL
726,"Abner Blemings",ablemingsk5@free.fr,2024-08-05,NULL
727,"Barbabra De Hooge",bdek6@state.gov,2025-03-15,9223
728,"Ichabod Celiz",icelizk7@princeton.edu,2024-08-03,NULL
729,"Jacenta Thomasen",jthomasenk8@businessinsider.com,2025-03-05,19280-000
730,"Ailis Ravel",aravelk9@nature.com,2024-10-20,NULL
731,"Darill Kemer",dkemerka@cbc.ca,2024-08-27,P7L
732,"Reggie Eastbury",reastburykb@dailymotion.com,2024-05-30,88375-000
733,"Natalie Yeskin",nyeskinkc@wufoo.com,2024-07-31,NULL
734,"Franni Rihosek",frihosekkd@slate.com,2024-11-21,NULL
735,"Chickie Betteney",cbetteneyke@newyorker.com,2024-11-22,37500-000
736,"Julienne Schenkel",jschenkelkf@e-recht24.de,2025-05-17,NULL
737,"Percival Hawtrey",phawtreykg@shareasale.com,2025-02-01,NULL
738,"Chase Edards",cedardskh@tumblr.com,2025-02-24,5119
739,"Nev Baytrop",nbaytropki@xing.com,2025-04-01,442638
740,"Kelcey Gallandre",kgallandrekj@census.gov,2024-12-30,NULL
741,"Wilfrid Trobridge",wtrobridgekk@ustream.tv,2025-01-16,NULL
742,"Chickie Ridpath",cridpathkl@nhs.uk,2024-06-30,1337
743,"Viv Noell",vnoellkm@yellowbook.com,2024-10-31,"97279 CEDEX"
744,"Faber Duinkerk",fduinkerkkn@google.fr,2024-06-23,NULL
745,"Vittorio Yushin",vyushinko@sfgate.com,2024-08-03,27600-000
746,"Helenelizabeth Childe",hchildekp@telegraph.co.uk,2024-12-19,"791 14"
747,"Marisa Rabb",mrabbkq@comsenz.com,2025-04-12,NULL
748,"Maxie Windaybank",mwindaybankkr@fc2.com,2024-09-25,1219
749,"Felecia Lamy",flamyks@senate.gov,2025-02-28,31540
750,"Jillana Crackel",jcrackelkt@rediff.com,2024-10-23,NULL
751,"Jena Welland",jwellandku@home.pl,2024-08-20,6415
752,"Kristina Longhirst",klonghirstkv@tripadvisor.com,2024-09-30,NULL
753,"Mickie Tousy",mtousykw@bravesites.com,2024-08-11,NULL
754,"Eb Kuna",ekunakx@nydailynews.com,2024-05-29,NULL
755,"Harlie Axton",haxtonky@nature.com,2024-11-08,"70030 CEDEX"
756,"Callida Woolland",cwoollandkz@apple.com,2024-05-27,NULL
757,"Stephana Wadeson",swadesonl0@meetup.com,2025-03-11,NULL
758,"Lissie Fookes",lfookesl1@artisteer.com,2025-01-05,NULL
759,"Feliza Nel",fnell2@hhs.gov,2024-05-29,682071
760,"Anthiathia Spaunton",aspauntonl3@1und1.de,2024-09-17,NULL
761,"Xylia Boich",xboichl4@yellowbook.com,2025-04-16,6271
762,"Tish Dimmock",tdimmockl5@answers.com,2024-07-02,73750-000
763,"Sonja Stratten",sstrattenl6@edublogs.org,2024-12-17,4216
764,"Geoff Fayter",gfayterl7@chicagotribune.com,2025-01-13,NULL
765,"Clemente Melvin",cmelvinl8@craigslist.org,2024-12-13,NULL
766,"Rozina Scopham",rscophaml9@w3.org,2024-10-17,NULL
767,"Wendye Sheepy",wsheepyla@dmoz.org,2024-07-22,NULL
768,"Lorri Addionisio",laddionisiolb@hatena.ne.jp,2025-01-21,NULL
769,"Loy Ondra",londralc@techcrunch.com,2024-06-19,26-806
770,"Francene Dragon",fdragonld@mit.edu,2025-04-23,NULL
771,"Crystie Bussell",cbussellle@miitbeian.gov.cn,2025-03-29,NULL
772,"Collete Janczewski",cjanczewskilf@gmpg.org,2024-08-24,84-218
773,"Marrissa Alderwick",malderwicklg@artisteer.com,2024-10-19,NULL
774,"Hodge Hollyman",hhollymanlh@ibm.com,2024-12-18,NULL
775,"Etan Gowdy",egowdyli@furl.net,2025-04-07,2380-407
776,"Bartholomew Helgass",bhelgasslj@arstechnica.com,2024-07-31,NULL
777,"Leigha Molnar",lmolnarlk@altervista.org,2024-06-15,93828
778,"Frederigo Pimerick",fpimerickll@house.gov,2024-08-28,K7V
779,"Ernesto Kaspar",ekasparlm@pinterest.com,2025-01-03,K45
780,"Nevsa Ogus",nogusln@marketwatch.com,2025-01-24,"86042 CEDEX 9"
781,"Marinna Seear",mseearlo@marketwatch.com,2024-10-04,NULL
782,"Batsheva Bowie",bbowielp@soundcloud.com,2024-06-10,NULL
783,"Flss Rappoport",frappoportlq@reddit.com,2024-06-28,NULL
784,"Hube Blum",hblumlr@army.mil,2024-07-26,39140
785,"Tybie McGavigan",tmcgaviganls@a8.net,2024-11-20,NULL
786,"Aluino Trayes",atrayeslt@cocolog-nifty.com,2024-06-01,"588 62"
787,"Westbrooke Chivers",wchiverslu@ameblo.jp,2024-07-01,4775-174
788,"Myrlene Bumby",mbumbylv@gravatar.com,2025-02-21,NULL
789,"Lida Aronovitz",laronovitzlw@tamu.edu,2025-01-14,"742 58"
790,"Wynne Merriott",wmerriottlx@ezinearticles.com,2024-11-12,75049
791,"Luca Kidde",lkiddely@chron.com,2025-04-13,85705
792,"Byrann Henken",bhenkenlz@sun.com,2024-05-27,3560
793,"Loralee Fittis",lfittism0@hc360.com,2025-04-04,38-324
794,"Nikolas Rushmere",nrushmerem1@barnesandnoble.com,2024-10-20,3600
795,"Anthe McCurley",amccurleym2@sphinn.com,2025-04-13,NULL
796,"Una Greeveson",ugreevesonm3@cyberchimps.com,2024-07-19,NULL
797,"Fair Hackinge",fhackingem4@ask.com,2025-01-01,"828 94"
798,"Kellia Belvin",kbelvinm5@weibo.com,2025-05-21,6600
799,"Jasen Blind",jblindm6@bizjournals.com,2024-05-27,"751 14"
800,"Polly Lippitt",plippittm7@nbcnews.com,2025-03-12,56180-000
801,"Xerxes Lindenfeld",xlindenfeldm8@angelfire.com,2024-08-21,NULL
802,"Ole Grigorey",ogrigoreym9@msn.com,2024-10-08,NULL
803,"Sullivan Ladell",sladellma@parallels.com,2025-01-07,NULL
804,"Lydon Ledram",lledrammb@nhs.uk,2025-02-11,6550
805,"Sheridan Ferraretto",sferrarettomc@artisteer.com,2025-01-08,NULL
806,"Adelaide Erdis",aerdismd@stumbleupon.com,2025-05-14,NULL
807,"Rodie Peck",rpeckme@marketwatch.com,2025-03-22,NULL
808,"Midge Mothersdale",mmothersdalemf@stumbleupon.com,2024-07-20,"653 44"
809,"Olivero Bending",obendingmg@unc.edu,2024-10-17,"289 07"
810,"Ulrica Verrico",uverricomh@msu.edu,2024-09-22,9103
811,"Kathleen Wellstead",kwellsteadmi@sourceforge.net,2024-08-15,50393
812,"Stormi Grzegorczyk",sgrzegorczykmj@archive.org,2024-11-12,NULL
813,"Orton Mocker",omockermk@nps.gov,2025-04-27,90736
814,"Cy Tinwell",ctinwellml@japanpost.jp,2024-05-26,NULL
815,"Travus Harly",tharlymm@networksolutions.com,2025-03-20,NULL
816,"Allys Wilmot",awilmotmn@reference.com,2025-01-12,981-4327
817,"Sisely de Tocqueville",sdemo@ning.com,2024-06-27,40951
818,"Joseph Behrens",jbehrensmp@illinois.edu,2024-07-31,"391 33"
819,"Yuri Tarren",ytarrenmq@lulu.com,2024-11-02,NULL
820,"Alister Gouldbourn",agouldbournmr@wikia.com,2024-12-15,32-860
821,"Jenica Wareham",jwarehamms@ihg.com,2024-08-03,NULL
822,"Leicester Dunbavin",ldunbavinmt@linkedin.com,2024-06-26,6344
823,"Gualterio Castelin",gcastelinmu@studiopress.com,2024-11-07,47732
824,"Charla Stockoe",cstockoemv@weibo.com,2024-12-25,NULL
825,"Trevor Zamudio",tzamudiomw@reuters.com,2024-07-26,NULL
826,"Constancia Heazel",cheazelmx@mayoclinic.com,2024-06-22,26100-000
827,"Kathryn Somerlie",ksomerliemy@mac.com,2025-01-07,NULL
828,"Noami Turrill",nturrillmz@buzzfeed.com,2025-03-28,L6R
829,"Jerrilee Jelks",jjelksn0@bloglines.com,2024-10-21,NULL
830,"Bobbee Witcher",bwitchern1@zdnet.com,2024-09-24,NULL
831,"Cristobal Master",cmastern2@bbb.org,2024-12-01,946-0054
832,"Gabbie MacTurlough",gmacturloughn3@unesco.org,2024-07-17,NULL
833,"Devora Lack",dlackn4@furl.net,2024-09-14,NULL
834,"Steffen Tomasini",stomasinin5@google.de,2024-11-09,9810
835,"Jasmin Bennit",jbennitn6@privacy.gov.au,2025-04-05,676307
836,"Elbertine Millichap",emillichapn7@springer.com,2025-01-02,655138
837,"Gill Childs",gchildsn8@naver.com,2024-08-19,38120-000
838,"Morgen Kernan",mkernann9@adobe.com,2025-02-04,32-503
839,"Melinde Murford",mmurfordna@army.mil,2024-11-14,187789
840,"Ruddie Clemente",rclementenb@posterous.com,2025-04-14,NULL
841,"Abbie Elson",aelsonnc@ow.ly,2024-07-19,NULL
842,"Lexy De Cleen",ldend@nymag.com,2024-11-28,NULL
843,"Theresita Pigram",tpigramne@bizjournals.com,2024-11-29,607914
844,"Stearne Rizzardo",srizzardonf@merriam-webster.com,2024-12-18,4600
845,"Marjie Roumier",mroumierng@wikia.com,2025-02-20,"97199 CEDEX"
846,"Abbey Huitt",ahuittnh@adobe.com,2024-09-13,NULL
847,"Hiram Hazlewood",hhazlewoodni@discuz.net,2024-08-13,NULL
848,"Rita Bronot",rbronotnj@mediafire.com,2025-04-17,NULL
849,"Cherish Menier",cmeniernk@simplemachines.org,2024-09-30,NULL
850,"Bliss Rought",broughtnl@amazon.co.jp,2025-04-04,NULL
851,"Kakalina Benzing",kbenzingnm@google.com.hk,2024-06-05,175350
852,"Jeremiah Van Saltsberg",jvannn@yandex.ru,2025-02-12,NULL
853,"Ewart Griniov",egriniovno@acquirethisname.com,2025-03-21,166004
854,"Karna Borghese",kborghesenp@dropbox.com,2025-04-21,NULL
855,"Tod Boles",tbolesnq@usnews.com,2024-10-04,5473
856,"Doll Harrell",dharrellnr@artisteer.com,2025-01-11,89714
857,"Nertie Icom",nicomns@npr.org,2024-10-28,1266
858,"Baxter Ianiello",bianiellont@businessweek.com,2025-01-07,NULL
859,"Saunders Ceely",sceelynu@ca.gov,2024-09-03,4485-174
860,"Lottie Hanhart",lhanhartnv@networksolutions.com,2025-01-25,62000-000
861,"Skyler Windless",swindlessnw@house.gov,2025-01-30,606900
862,"Grier Tembridge",gtembridgenx@thetimes.co.uk,2025-05-07,963-8823
863,"Nikolos Ingray",ningrayny@drupal.org,2025-03-08,4892
864,"Liesa Cleugher",lcleughernz@discovery.com,2024-06-27,NULL
865,"Melisenda Laflin",mlaflino0@surveymonkey.com,2024-12-11,7031
866,"Murdock Cornew",mcornewo1@samsung.com,2025-05-15,72-510
867,"Durante Dailey",ddaileyo2@ted.com,2025-02-05,91130
868,"Nahum Spawell",nspawello3@nbcnews.com,2024-10-24,"91881 CEDEX"
869,"Kit Gover",kgovero4@examiner.com,2025-05-20,NULL
870,"Rudie Boone",rbooneo5@rakuten.co.jp,2024-10-19,NULL
871,"Britta Hoolaghan",bhoolaghano6@1und1.de,2024-05-27,NULL
872,"Norry Dysart",ndysarto7@devhub.com,2025-02-21,NULL
873,"Tana Corgenvin",tcorgenvino8@ustream.tv,2024-06-23,87785
874,"Victoria Surpliss",vsurplisso9@vimeo.com,2024-08-05,NULL
875,"Chancey Cranch",ccranchoa@addtoany.com,2024-07-23,06-513
876,"Yelena Huleatt",yhuleattob@biblegateway.com,2024-12-23,NULL
877,"Samuele Kinworthy",skinworthyoc@ifeng.com,2024-09-15,92733
878,"Catriona Digges",cdiggesod@mail.ru,2024-12-27,NULL
879,"Catlee Clayal",cclayaloe@addthis.com,2024-11-26,5609
880,"Tillie Croisdall",tcroisdallof@europa.eu,2025-04-02,"611 93"
881,"Isador Mac Geaney",imacog@psu.edu,2024-07-25,NULL
882,"Sigismundo Wither",switheroh@newyorker.com,2025-03-19,08-114
883,"Tanny Dalgarnocht",tdalgarnochtoi@tinyurl.com,2025-01-24,NULL
884,"Rochella Verden",rverdenoj@eepurl.com,2024-11-13,NULL
885,"Theresina Piche",tpicheok@marketwatch.com,2025-02-18,22-335
886,"Benoite Tolchard",btolchardol@archive.org,2024-08-04,301070
887,"Gal Stokes",gstokesom@howstuffworks.com,2024-09-30,NULL
888,"Simonette Wayte",swayteon@tripadvisor.com,2025-03-23,NULL
889,"Salomon Jenicke",sjenickeoo@behance.net,2025-02-18,NULL
890,"Joel Fatharly",jfatharlyop@google.de,2025-02-19,NULL
891,"Guglielmo Leidl",gleidloq@guardian.co.uk,2024-10-31,NULL
892,"Loria Renowden",lrenowdenor@twitpic.com,2025-03-11,NULL
893,"Vera Riddel",vriddelos@nba.com,2024-11-28,NULL
894,"Mallissa Sisson",msissonot@imgur.com,2024-09-14,97714
895,"Ogdan Stoite",ostoiteou@blogtalkradio.com,2024-09-16,729-3222
896,"Dorree Hartness",dhartnessov@addtoany.com,2024-08-13,"35059 CEDEX"
897,"Ronny Harbord",rharbordow@yellowbook.com,2025-01-23,"679 23"
898,"Retha Larver",rlarverox@nbcnews.com,2024-08-23,"745 44"
899,"Ahmad Greeding",agreedingoy@ed.gov,2024-09-05,NULL
900,"Sheridan Davidove",sdavidoveoz@about.com,2024-08-09,78783
901,"Myca Lowden",mlowdenp0@telegraph.co.uk,2024-12-10,161250
902,"Tanya Preon",tpreonp1@sohu.com,2024-12-18,NULL
903,"Farrell Randerson",frandersonp2@fema.gov,2024-09-21,NULL
904,"Muffin Jaeggi",mjaeggip3@facebook.com,2025-03-30,NULL
905,"Portia Seally",pseallyp4@fotki.com,2025-03-27,9715
906,"Earlie Ancliffe",eancliffep5@marketwatch.com,2024-06-13,"382 91"
907,"Lemuel Fretson",lfretsonp6@last.fm,2025-04-07,NULL
908,"Leeanne Biermatowicz",lbiermatowiczp7@ifeng.com,2025-01-05,997-0415
909,"Thomasina Stratton",tstrattonp8@drupal.org,2024-10-07,98839
910,"York Fligg",yfliggp9@soup.io,2025-01-31,154848
911,"Ignacio Skinn",iskinnpa@clickbank.net,2024-06-17,309509
912,"Jerry Harrold",jharroldpb@toplist.cz,2024-12-23,NULL
913,"Courtney Hinkley",chinkleypc@cbsnews.com,2024-11-15,NULL
914,"Aaron Gregorace",agregoracepd@mit.edu,2024-06-07,NULL
915,"Ilene Edmons",iedmonspe@yahoo.com,2025-02-10,NULL
916,"Tomas Godbolt",tgodboltpf@ning.com,2025-01-28,J9P
917,"Latrina Ferrarini",lferrarinipg@marketwatch.com,2024-08-22,36164
918,"Livia Lande",llandeph@ycombinator.com,2025-02-18,NULL
919,"Tanner McGing",tmcgingpi@ning.com,2024-09-02,1111
920,"Debbie Seely",dseelypj@state.gov,2024-11-22,NULL
921,"Donall Paddeley",dpaddeleypk@geocities.jp,2025-05-01,7214
922,"Jasmine Semor",jsemorpl@archive.org,2024-12-04,09300-000
923,"Noble Maxwale",nmaxwalepm@edublogs.org,2025-03-07,414-0055
924,"Brynna Prinn",bprinnpn@icio.us,2024-08-14,NULL
925,"Paige Duchan",pduchanpo@apache.org,2025-04-29,NULL
926,"Gonzales Dicey",gdiceypp@tripadvisor.com,2024-11-25,4705-029
927,"Janeen Grunson",jgrunsonpq@scribd.com,2025-02-04,79370-000
928,"Mariette Fronek",mfronekpr@gnu.org,2025-04-14,"77708 CEDEX 4"
929,"Sherman Niblett",sniblettps@shinystat.com,2024-11-05,NULL
930,"Free Tinklin",ftinklinpt@reddit.com,2025-05-16,NULL
931,"Ferris Mash",fmashpu@hud.gov,2024-10-05,NULL
932,"Alisander Cohr",acohrpv@delicious.com,2024-07-27,0179
933,"Marigold Biaggioni",mbiaggionipw@dell.com,2024-08-11,NULL
934,"Marcus Paulo",mpaulopx@umich.edu,2024-07-06,83-401
935,"Kincaid Lorrie",klorriepy@icio.us,2025-04-17,NULL
936,"Cassaundra Jellico",cjellicopz@yellowbook.com,2024-12-11,92620
937,"Wallie Cruess",wcruessq0@pcworld.com,2025-02-22,3640-213
938,"Sutherland Latta",slattaq1@addtoany.com,2025-03-12,"675 51"
939,"Leo Radki",lradkiq2@examiner.com,2025-03-24,1158
940,"Carolann Witul",cwitulq3@state.gov,2025-02-27,"93005 CEDEX"
941,"Pembroke Gumary",pgumaryq4@time.com,2024-06-23,59570-000
942,"Westley Muat",wmuatq5@istockphoto.com,2025-05-02,D04
943,"Suzie Stolberger",sstolbergerq6@prlog.org,2025-03-21,NULL
944,"Julieta Balazin",jbalazinq7@go.com,2024-08-04,NULL
945,"Reynard Lendon",rlendonq8@cmu.edu,2025-04-08,601231
946,"Alameda Pleasance",apleasanceq9@uiuc.edu,2025-04-07,NULL
947,"Hakim Spicer",hspicerqa@google.ru,2024-11-30,NULL
948,"Lidia Marland",lmarlandqb@bizjournals.com,2024-07-21,NULL
949,"Hildy Latek",hlatekqc@state.tx.us,2025-02-14,NULL
950,"Dolph Kitman",dkitmanqd@chron.com,2024-07-02,68540
951,"Faunie Ceeley",fceeleyqe@abc.net.au,2024-11-22,NULL
952,"Odilia Tumielli",otumielliqf@wisc.edu,2025-03-26,629733
953,"Shawnee Drynan",sdrynanqg@theguardian.com,2025-01-25,706037
954,"Bradney Simonaitis",bsimonaitisqh@vinaora.com,2024-09-15,NULL
955,"Reeva Arno",rarnoqi@china.com.cn,2025-04-05,NULL
956,"Brynna Staner",bstanerqj@dion.ne.jp,2024-07-29,6328
957,"Arlina de Juares",adeqk@mozilla.org,2024-11-06,2201
958,"Matelda Bridgwood",mbridgwoodql@feedburner.com,2024-07-16,E91
959,"Prentice Anthoin",panthoinqm@state.gov,2024-05-24,98800-000
960,"Alicea Mangeot",amangeotqn@state.gov,2024-06-13,94263
961,"Alleyn Blabber",ablabberqo@telegraph.co.uk,2024-12-21,0371
962,"Issiah Bugg",ibuggqp@123-reg.co.uk,2025-05-07,NULL
963,"Yoko Kamenar",ykamenarqq@springer.com,2024-06-27,3025-511
964,"Emalia Giannini",egianniniqr@bizjournals.com,2025-02-20,3703
965,"Emerson De Vaan",edeqs@netscape.com,2024-12-21,NULL
966,"Fiorenze Vant",fvantqt@archive.org,2024-06-11,NULL
967,"Mildrid Schapero",mschaperoqu@globo.com,2024-10-16,NULL
968,"Kaylee Woodes",kwoodesqv@de.vu,2025-01-29,676000
969,"Netta Trynor",ntrynorqw@prlog.org,2024-12-06,NULL
970,"Aura Dunster",adunsterqx@statcounter.com,2024-07-24,NULL
971,"Lyn Jacobowicz",ljacobowiczqy@xing.com,2025-01-19,NULL
972,"Meryl Bridge",mbridgeqz@uol.com.br,2025-01-02,95690-000
973,"Perry Cumbridge",pcumbridger0@biblegateway.com,2025-03-22,NULL
974,"Titus Ellingsworth",tellingsworthr1@cornell.edu,2024-07-01,26110
975,"Margot Djurkovic",mdjurkovicr2@mail.ru,2025-04-04,NULL
976,"Wain Reolfo",wreolfor3@plala.or.jp,2024-09-27,959-1287
977,"Diana Sawle",dsawler4@washingtonpost.com,2025-02-03,NULL
978,"Giovanna Tenbrug",gtenbrugr5@state.gov,2024-06-08,65950-000
979,"Toiboid Veal",tvealr6@trellian.com,2025-01-25,48930
980,"Coop Norree",cnorreer7@creativecommons.org,2024-07-22,1430
981,"Noby Freckleton",nfreckletonr8@typepad.com,2024-07-29,NULL
982,"Morris Grimbleby",mgrimblebyr9@t-online.de,2024-05-24,NULL
983,"Jessi Smiths",jsmithsra@squidoo.com,2025-02-27,NULL
984,"Vinson Georgeson",vgeorgesonrb@nyu.edu,2024-09-04,"70030 CEDEX"
985,"Dewain Lattey",dlatteyrc@epa.gov,2024-09-14,X91
986,"Obed Flanders",oflandersrd@archive.org,2024-06-05,75910
987,"Sandor Odgaard",sodgaardre@51.la,2024-10-16,NULL
988,"Marcille Sprowles",msprowlesrf@prnewswire.com,2024-06-01,NULL
989,"Briant Briamo",bbriamorg@zimbio.com,2024-08-27,NULL
990,"Glynis Freund",gfreundrh@biglobe.ne.jp,2025-02-09,NULL
991,"Marlowe Oliffe",molifferi@ow.ly,2024-08-28,NULL
992,"Maxine Piercy",mpiercyrj@google.co.jp,2025-04-28,188516
993,"Micheil Draye",mdrayerk@w3.org,2025-02-09,NULL
994,"Veronika Dorre",vdorrerl@dailymail.co.uk,2025-05-10,NULL
995,"Reynolds Sauvage",rsauvagerm@friendfeed.com,2024-10-02,20601
996,"Hewie Eisold",heisoldrn@devhub.com,2025-05-09,NULL
997,"Moses Witul",mwitulro@surveymonkey.com,2024-12-14,1236
998,"Lola Leward",llewardrp@tumblr.com,2024-12-19,4419
999,"Cyrus Bensley",cbensleyrq@pbs.org,2024-10-09,NULL
1000,"Kippy Barukh",kbarukhrr@github.io,2025-01-01,93591
